{
  "Baseline": {
    "kold_f1": [
      0.8232672031531316,
      0.8277215997810752,
      0.8199264264661112
    ],
    "ccs": [
      0.875,
      0.875,
      0.75
    ],
    "flip_rate": [
      0.125,
      0.125,
      0.25
    ],
    "fpr_orig": [
      0.0,
      0.0,
      0.08333333333333333
    ],
    "strict_tpr_orig": [
      0.75,
      0.9166666666666666,
      0.75
    ],
    "strict_tpr_cf": [
      0.5,
      0.6666666666666666,
      0.3333333333333333
    ],
    "strict_pair_acc": [
      0.5,
      0.6666666666666666,
      0.3333333333333333
    ],
    "clean_pair_acc": [
      1.0,
      1.0,
      0.9166666666666666
    ]
  },
  "Masking Aug Only": {
    "kold_f1": [
      0.8259617351211334,
      0.8255821851586231,
      0.8232426768753944
    ],
    "ccs": [
      0.8333333333333334,
      0.8333333333333334,
      0.7916666666666666
    ],
    "flip_rate": [
      0.16666666666666663,
      0.16666666666666663,
      0.20833333333333337
    ],
    "fpr_orig": [
      0.0,
      0.0,
      0.0
    ],
    "strict_tpr_orig": [
      0.9166666666666666,
      0.9166666666666666,
      0.6666666666666666
    ],
    "strict_tpr_cf": [
      0.5833333333333334,
      0.5833333333333334,
      0.25
    ],
    "strict_pair_acc": [
      0.5833333333333334,
      0.5833333333333334,
      0.25
    ],
    "clean_pair_acc": [
      1.0,
      1.0,
      1.0
    ]
  },
  "Cons Reg Only": {
    "kold_f1": [
      0.8285805062230291,
      0.82351883053868,
      0.8259617351211334
    ],
    "ccs": [
      0.875,
      0.875,
      0.875
    ],
    "flip_rate": [
      0.125,
      0.125,
      0.125
    ],
    "fpr_orig": [
      0.0,
      0.0,
      0.0
    ],
    "strict_tpr_orig": [
      0.8333333333333334,
      1.0,
      0.75
    ],
    "strict_tpr_cf": [
      0.5833333333333334,
      0.75,
      0.5
    ],
    "strict_pair_acc": [
      0.5833333333333334,
      0.75,
      0.5
    ],
    "clean_pair_acc": [
      1.0,
      1.0,
      1.0
    ]
  },
  "Full Model": {
    "kold_f1": [
      0.8302716732244819,
      0.8293331329316167,
      0.8222565912632729
    ],
    "ccs": [
      0.7916666666666666,
      0.8333333333333334,
      0.8333333333333334
    ],
    "flip_rate": [
      0.20833333333333337,
      0.16666666666666663,
      0.16666666666666663
    ],
    "fpr_orig": [
      0.0,
      0.0,
      0.0
    ],
    "strict_tpr_orig": [
      1.0,
      1.0,
      0.75
    ],
    "strict_tpr_cf": [
      0.5833333333333334,
      0.6666666666666666,
      0.4166666666666667
    ],
    "strict_pair_acc": [
      0.5833333333333334,
      0.6666666666666666,
      0.4166666666666667
    ],
    "clean_pair_acc": [
      1.0,
      1.0,
      1.0
    ]
  },
  "Full_lam=0.05": {
    "kold_f1": [
      0.8269579144785566,
      0.8252206450374032,
      0.8219982314180528
    ],
    "ccs": [
      0.7916666666666666,
      0.8333333333333334,
      0.875
    ],
    "flip_rate": [
      0.20833333333333337,
      0.16666666666666663,
      0.125
    ],
    "fpr_orig": [
      0.0,
      0.0,
      0.0
    ],
    "strict_tpr_orig": [
      1.0,
      1.0,
      0.75
    ],
    "strict_tpr_cf": [
      0.5833333333333334,
      0.6666666666666666,
      0.5
    ],
    "strict_pair_acc": [
      0.5833333333333334,
      0.6666666666666666,
      0.5
    ],
    "clean_pair_acc": [
      1.0,
      1.0,
      1.0
    ]
  },
  "Full_lam=0.1": {
    "kold_f1": [
      0.8302716732244819,
      0.8293331329316167,
      0.8222565912632729
    ],
    "ccs": [
      0.7916666666666666,
      0.8333333333333334,
      0.8333333333333334
    ],
    "flip_rate": [
      0.20833333333333337,
      0.16666666666666663,
      0.16666666666666663
    ],
    "fpr_orig": [
      0.0,
      0.0,
      0.0
    ],
    "strict_tpr_orig": [
      1.0,
      1.0,
      0.75
    ],
    "strict_tpr_cf": [
      0.5833333333333334,
      0.6666666666666666,
      0.4166666666666667
    ],
    "strict_pair_acc": [
      0.5833333333333334,
      0.6666666666666666,
      0.4166666666666667
    ],
    "clean_pair_acc": [
      1.0,
      1.0,
      1.0
    ]
  },
  "Full_lam=0.2": {
    "kold_f1": [
      0.82939724268917,
      0.8253583363302959,
      0.8232570603945573
    ],
    "ccs": [
      0.8333333333333334,
      0.9166666666666666,
      0.7916666666666666
    ],
    "flip_rate": [
      0.16666666666666663,
      0.08333333333333337,
      0.20833333333333337
    ],
    "fpr_orig": [
      0.0,
      0.0,
      0.0
    ],
    "strict_tpr_orig": [
      1.0,
      1.0,
      0.8333333333333334
    ],
    "strict_tpr_cf": [
      0.6666666666666666,
      0.8333333333333334,
      0.4166666666666667
    ],
    "strict_pair_acc": [
      0.6666666666666666,
      0.8333333333333334,
      0.4166666666666667
    ],
    "clean_pair_acc": [
      1.0,
      1.0,
      1.0
    ]
  }
}